{
	"partitions" : [
		{
			"name" : "Top",
			"pins" : [
				{
					"name" : "PWM_OUT_H",
					"strict" : false
				},
				{
					"name" : "PWM_OUT_A",
					"strict" : false
				},
				{
					"name" : "PWM_OUT_O",
					"strict" : false
				},
				{
					"name" : "LED_OUT[0]",
					"strict" : false
				},
				{
					"name" : "LED_OUT[1]",
					"strict" : false
				},
				{
					"name" : "LED_OUT[2]",
					"strict" : false
				},
				{
					"name" : "LED_OUT[3]",
					"strict" : false
				},
				{
					"name" : "sens_H",
					"strict" : false
				},
				{
					"name" : "clk_50M",
					"strict" : false
				},
				{
					"name" : "DUTY_INCREASE",
					"strict" : false
				},
				{
					"name" : "DUTY_DECREASE",
					"strict" : false
				}
			]
		}
	]
}